摺頁名稱,語系,連結
台南市觀光導覽圖(中英),中英,https://www.twtainan.net/zh-tw/publication/24
台南市觀光導覽圖(中日),中日,https://www.twtainan.net/ja/publication/249
台南市觀光導覽圖(中韓),中韓,https://www.twtainan.net/ko/publication/358
米其林三星-府城好廟-府城歷史散步,中,https://www.twtainan.net/zh-tw/publication/23
米其林三星-府城好廟-府城歷史散步,英,https://www.twtainan.net/en/publication/337
米其林三星-府城好廟-府城歷史散步,日,https://www.twtainan.net/ja/publication/372
米其林三星-府城好廟-府城歷史散步,韓,https://www.twtainan.net/ko/publication/350
台灣好行8899公車路線,中英,https://www.twtainan.net/zh-tw/publication/293
台灣好行8899公車路線,中日,https://www.twtainan.net/zh-tw/publication/293
台灣好行8899公車路線,中韓,https://www.twtainan.net/zh-tw/publication/293
米其林三星-五條港舊城漫遊,中,https://www.twtainan.net/zh-tw/publication/135
米其林三星-五條港舊城漫遊-(英),英,https://www.twtainan.net/en/publication/333
米其林三星-五條港舊城漫遊-(日),日,https://www.twtainan.net/ja/publication/340
米其林三星-五條港舊城漫遊-(韓),韓,https://www.twtainan.net/ko/publication/346
米其林三星-府城藝文踅街趣,中,https://www.twtainan.net/zh-tw/publication/283
米其林三星-府城藝文踅街趣-英文,英,https://www.twtainan.net/en/publication/330
米其林三星-府城藝文踅街趣-日文,日,https://www.twtainan.net/ja/publication/338
米其林三星-府城藝文踅街趣-韓文,韓,https://www.twtainan.net/ko/publication/344
米其林三星-安平散步路線,中,https://www.twtainan.net/zh-tw/publication/287
米其林三星-安平散步路線-英文,英,https://www.twtainan.net/en/publication/332
米其林三星-安平散步路線-日文,日,https://www.twtainan.net/ja/publication/339
米其林三星-安平散步路線-韓文,韓,https://www.twtainan.net/ko/publication/345
米其林三星-老屋，老店，老生活,中,https://www.twtainan.net/zh-tw/publication/260
米其林三星-老屋，老店，老生活-英,英,https://www.twtainan.net/en/publication/334
米其林三星-老屋，老店，老生活-日,日,https://www.twtainan.net/ja/publication/341
米其林三星-老屋，老店，老生活-韓,韓,https://www.twtainan.net/ko/publication/347
關子嶺溫泉鄉散步,中,https://www.twtainan.net/zh-tw/publication/226
關子嶺溫泉鄉散步-英,英,https://www.twtainan.net/en/publication/336
關子嶺溫泉鄉散步-日,日,https://www.twtainan.net/ja/publication/343
關子嶺溫泉鄉散步-韓,韓,https://www.twtainan.net/ko/publication/349
關子嶺冒險地圖,中,https://www.twtainan.net/zh-tw/publication/137
關子嶺溫泉鄉散步-英,英,https://www.twtainan.net/en/publication/352
關子嶺溫泉鄉散步-日,日,https://www.twtainan.net/ja/publication/353
關子嶺溫泉鄉散步-韓,韓,https://www.twtainan.net/ko/publication/354
鹽水月津港漫遊,中,https://www.twtainan.net/zh-tw/publication/136
鹽水月津港漫遊-英,英,https://www.twtainan.net/en/publication/335
鹽水月津港漫遊-日,日,https://www.twtainan.net/ja/publication/342
鹽水月津港漫遊-韓,韓,https://www.twtainan.net/ko/publication/348
安平運河南岸散步地圖,中,https://www.twtainan.net/zh-tw/publication/324
安平運河南岸散步地圖-英,英,https://www.twtainan.net/en/publication/331
安平運河南岸散步地圖-日,日,https://www.twtainan.net/ja/publication/328
安平運河南岸散步地圖-韓,韓,https://www.twtainan.net/ko/publication/329
台灣第一鹽散步地圖,中,https://www.twtainan.net/zh-tw/publication/366
台灣第一鹽散步地圖,英,https://www.twtainan.net/en/publication/380
台灣第一鹽散步地圖,日,https://www.twtainan.net/ja/publication/381
台灣第一鹽散步地圖,韓,https://www.twtainan.net/ko/publication/382
旅行台南主題摺頁-博物館旅行,中,https://www.twtainan.net/zh-tw/publication/231
旅行台南主題摺頁-博物館旅行,英,https://www.twtainan.net/en/publication/278
旅行台南主題摺頁-農鄉旅遊,中,https://www.twtainan.net/zh-tw/publication/223
旅行台南主題摺頁-農鄉旅遊,英,https://www.twtainan.net/en/publication/279
旅行台南主題摺頁-宗教觀光,中,https://www.twtainan.net/zh-tw/publication/241
花海遊蹤,中,https://www.twtainan.net/zh-tw/publication/218
花海遊蹤-(英),英,https://www.twtainan.net/en/publication/245
花海遊蹤-(日),日,https://www.twtainan.net/ja/publication/246
鮮採果漾,中,https://www.twtainan.net/zh-tw/publication/233
鮮採果漾-(英),英,https://www.twtainan.net/en/publication/275
鮮採果漾-(日),日,https://www.twtainan.net/ja/publication/276
夏日海(西濱海)PARTY,中,https://www.twtainan.net/zh-tw/publication/221
夏日海(西濱海)PARTY-(英),英,https://www.twtainan.net/en/publication/254
夏日海(西濱海)PARTY-(日),日,https://www.twtainan.net/ja/publication/255
穿梭古今戰場-解讀臺南軍事史,中,https://www.twtainan.net/zh-tw/publication/302
穿梭古今戰場-解讀臺南軍事史-(英),英,https://www.twtainan.net/en/publication/359
穿梭古今戰場-解讀臺南軍事史-(日),日,https://www.twtainan.net/ja/publication/360
日式老建築,中,https://www.twtainan.net/zh-tw/publication/228
日式老建築-(日),日,https://www.twtainan.net/ja/publication/379
市場週遊-趣遊台南市,中,https://www.twtainan.net/zh-tw/publication/263
台南超好玩,中,https://www.twtainan.net/zh-tw/publication/209
台南藝級棒,中,https://www.twtainan.net/zh-tw/publication/301
台南輕水漾,中,https://www.twtainan.net/zh-tw/publication/261
穿越時光古航道-台南運河,中,https://www.twtainan.net/zh-tw/publication/264
台南廟宇藝術散步地圖-眾神之都,中,https://www.twtainan.net/zh-tw/publication/277
台南親山步道行,中,https://www.twtainan.net/zh-tw/publication/267
山青水綠-南關遠足去,中,https://www.twtainan.net/zh-tw/publication/294
大地藝廊-造訪台南自然地景,中,https://www.twtainan.net/zh-tw/publication/296
南風旺來,中,https://www.twtainan.net/zh-tw/publication/222
豐收之秋,中,https://www.twtainan.net/zh-tw/publication/234
家族旅行,中,https://www.twtainan.net/zh-tw/publication/232
蝙蝠夜生活地圖,中,https://www.twtainan.net/zh-tw/publication/237
毛小孩遊台南,中,https://www.twtainan.net/zh-tw/publication/250
香噴噴公路-台南172市道,中,https://www.twtainan.net/zh-tw/publication/268
奔向月世界-南168公路,中,https://www.twtainan.net/zh-tw/publication/269
沿著鐵道去旅行,中,https://www.twtainan.net/zh-tw/publication/298
南國花都,中,https://www.twtainan.net/zh-tw/publication/311
劍獅及風獅爺,中,https://www.twtainan.net/zh-tw/publication/248
「我的婆婆怎麼那麼可愛」戲劇景點地圖,中,https://www.twtainan.net/zh-tw/publication/309
「孤味」戲劇景點地圖,中,https://www.twtainan.net/zh-tw/publication/312
「俗女養成記」戲劇景點地圖,中,https://www.twtainan.net/zh-tw/publication/295
「俗女養成記2」戲劇景點地圖,中,https://www.twtainan.net/zh-tw/publication/320
「村里來了個暴走女外科」戲劇景點地圖,中,https://www.twtainan.net/zh-tw/publication/355
「牛車來去」戲劇景點地圖,中,https://www.twtainan.net/zh-tw/publication/364
依山傍海南關線,中,https://www.twtainan.net/zh-tw/publication/315
最強女鬼散步路線,中,https://www.twtainan.net/zh-tw/publication/377
